<?xml version="1.0" encoding="UTF-8" standalone="no"?>
<configuration>
	<feature automatic="selected" name="AISCO"/>
	<feature automatic="selected" name="Program"/>
	<feature automatic="selected" name="Activity"/>
	<feature name="Operational"/>
	<feature name="Periods"/>
	<feature automatic="selected" name="FinancialReport"/>
	<feature automatic="selected" name="Income"/>
	<feature name="Expense"/>
	<feature name="Category"/>
	<feature name="Frequency"/>
	<feature name="JournalReport"/>
	<feature name="PSAK45"/>
	<feature name="ArusKasReport"/>
	<feature name="Summary"/>
	<feature name="Donation"/>
	<feature name="Online"/>
	<feature name="ViaWebsite"/>
	<feature name="ViaPaymentGateway"/>
	<feature name="BankAccountInfo"/>
	<feature name="pg.PaymentGateway"/>
	<feature name="pg.PaymentMethod"/>
	<feature name="pg.PayDOKU"/>
	<feature name="pg.PayMidtrans"/>
	<feature name="pg.DisbursementMethod"/>
	<feature name="pg.DisMidtrans"/>
	<feature name="pg.DisFlip"/>
	<feature name="bo.Blog"/>
	<feature name="bo.Comment"/>
	<feature name="bo.Share"/>
</configuration>
