{
	"Program": ["aisco.program.core"],
	"Activity": ["aisco.program.activity"],
	"FinancialReport": ["aisco.chartofaccount.core","aisco.financialreport.core"],
	"Income": ["aisco.financialreport.income"],
	"Expense": ["aisco.financialreport.expense"],
	"Frequency": ["aisco.financialreport.frequency"],
	"JournalReport": ["aisco.automaticreport.core","aisco.chartofaccount.core"],
	"PSAK45": ["aisco.automaticreport.twolevel"],
	"Summary": ["aisco.summary.core"],
	"Donation": ["aisco.donation.core"],
	"ViaPaymentGateway": ["aisco.donation.pgateway"]
}